<toolSet name="Editors">
  <tool name="javap" description="bytecode of javap" showInMainMenu="true" showInEditor="true" showInProject="false" showInSearchPopup="false" disabled="false" useConsole="true" showConsoleOnStdOut="false" showConsoleOnStdErr="false" synchronizeAfterRun="false">
    <exec>
      <option name="COMMAND" value="/usr/bin/javap" />
      <option name="PARAMETERS" value="-private -v $FileClass$" />
      <option name="WORKING_DIRECTORY" value="$OutputPath$" />
    </exec>
  </tool>
  <tool name="xxd" description="view class binary code" showInMainMenu="true" showInEditor="true" showInProject="false" showInSearchPopup="false" disabled="false" useConsole="true" showConsoleOnStdOut="false" showConsoleOnStdErr="false" synchronizeAfterRun="true">
    <exec>
      <option name="COMMAND" value="/usr/bin/xxd" />
      <option name="PARAMETERS" value="$FileDirRelativeToSourcepath$/$FileNameWithoutExtension$.class" />
      <option name="WORKING_DIRECTORY" value="$OutputPath$" />
    </exec>
  </tool>
  <tool name="mvim" description="edit file in mvim" showInMainMenu="true" showInEditor="true" showInProject="true" showInSearchPopup="true" disabled="false" useConsole="true" showConsoleOnStdOut="false" showConsoleOnStdErr="false" synchronizeAfterRun="true">
    <exec>
      <option name="COMMAND" value="/usr/local/bin/mvim" />
      <option name="PARAMETERS" value="+&quot;silent! &quot;$LineNumber$&quot;|norm! zz&quot; $FilePath$" />
      <option name="WORKING_DIRECTORY" value="$SourcepathEntry$" />
    </exec>
  </tool>
</toolSet>