<toolSet name="SSH">
  <tool name="qa mysql ssh tunnel" description="SSH Tunnel for qa mysql server" showInMainMenu="true" showInEditor="true" showInProject="false" showInSearchPopup="false" disabled="false" useConsole="true" showConsoleOnStdOut="false" showConsoleOnStdErr="false" synchronizeAfterRun="true">
    <exec>
      <option name="COMMAND" value="ssh" />
      <option name="PARAMETERS" value=" -N -L 3308:10.31.133.90:3306 -i ~/.ssh/lyancafe.jms.key yuwj@jms.lyancafe.cn" />
      <option name="WORKING_DIRECTORY" value="$ProjectFileDir$" />
    </exec>
  </tool>
  <tool name="production mysql ssh tunnel" description="SSH Tunnel for production mysql server" showInMainMenu="true" showInEditor="true" showInProject="false" showInSearchPopup="false" disabled="false" useConsole="true" showConsoleOnStdOut="false" showConsoleOnStdErr="false" synchronizeAfterRun="true">
    <exec>
      <option name="COMMAND" value="ssh" />
      <option name="PARAMETERS" value=" -N -L 3307:lyancafe.mysql.rds.aliyuncs.com:3306 -i ~/.ssh/lyancafe.jms.key yuwj@jms.lyancafe.cn" />
      <option name="WORKING_DIRECTORY" value="$ProjectFileDir$" />
    </exec>
  </tool>
</toolSet>