<keymap version="1" name="yuweijun" parent="Mac OS X 10.5+">
  <action id="ActivateBuildToolWindow">
    <keyboard-shortcut first-keystroke="ctrl meta b" />
  </action>
  <action id="ActivateDatabaseConsoleToolWindow">
    <keyboard-shortcut first-keystroke="alt f6" />
  </action>
  <action id="ActivateDatabaseToolWindow">
    <keyboard-shortcut first-keystroke="alt f5" />
  </action>
  <action id="ActivateGradleToolWindow">
    <keyboard-shortcut first-keystroke="shift meta 0" />
    <keyboard-shortcut first-keystroke="shift meta right_parenthesis" />
  </action>
  <action id="ActivateMavenProjectsToolWindow">
    <keyboard-shortcut first-keystroke="meta f11" />
  </action>
  <action id="ActivateServicesToolWindow" />
  <action id="ActivateStructureToolWindow">
    <keyboard-shortcut first-keystroke="alt 7" />
  </action>
  <action id="ActivateTerminalToolWindow" />
  <action id="ActivateVersionControlToolWindow" />
  <action id="Annotate">
    <keyboard-shortcut first-keystroke="meta alt a" />
  </action>
  <action id="ChangesView.AddUnversioned" />
  <action id="CloseProject">
    <keyboard-shortcut first-keystroke="shift meta w" />
  </action>
  <action id="CollapseAllRegions">
    <keyboard-shortcut first-keystroke="shift meta subtract" />
    <keyboard-shortcut first-keystroke="shift meta minus" />
    <keyboard-shortcut first-keystroke="shift meta underscore" />
  </action>
  <action id="Compare.LastVersion">
    <keyboard-shortcut first-keystroke="ctrl meta v" />
  </action>
  <action id="CompareClipboardWithSelection">
    <keyboard-shortcut first-keystroke="shift meta p" />
  </action>
  <action id="CompareTwoFiles" />
  <action id="CompileDirty">
    <keyboard-shortcut first-keystroke="meta f9" />
    <keyboard-shortcut first-keystroke="alt b" />
  </action>
  <action id="Coverage">
    <keyboard-shortcut first-keystroke="shift ctrl c" />
  </action>
  <action id="Debug">
    <keyboard-shortcut first-keystroke="meta d" />
  </action>
  <action id="Diagram.DeselectAll" />
  <action id="Diff.ShowDiff" />
  <action id="DomCollectionControl.Edit">
    <keyboard-shortcut first-keystroke="f4" />
  </action>
  <action id="DomElementsTreeView.GotoDomElementDeclarationAction">
    <keyboard-shortcut first-keystroke="f4" />
  </action>
  <action id="EditSource">
    <keyboard-shortcut first-keystroke="f4" />
  </action>
  <action id="EditorDuplicate" />
  <action id="EditorLeft">
    <keyboard-shortcut first-keystroke="left" />
  </action>
  <action id="EditorRight">
    <keyboard-shortcut first-keystroke="right" />
  </action>
  <action id="EditorScrollBottom">
    <keyboard-shortcut first-keystroke="meta down" />
  </action>
  <action id="EditorScrollTop">
    <keyboard-shortcut first-keystroke="meta up" />
  </action>
  <action id="EditorSelectWord">
    <keyboard-shortcut first-keystroke="alt up" />
    <keyboard-shortcut first-keystroke="ctrl w" />
  </action>
  <action id="ExpandAllRegions">
    <keyboard-shortcut first-keystroke="shift meta add" />
    <keyboard-shortcut first-keystroke="shift meta equals" />
    <keyboard-shortcut first-keystroke="shift meta plus" />
  </action>
  <action id="ExternalSystem.OpenConfig">
    <keyboard-shortcut first-keystroke="f4" />
  </action>
  <action id="FileChooser.GotoDesktop" />
  <action id="ForceStepInto">
    <keyboard-shortcut first-keystroke="shift alt f7" />
    <keyboard-shortcut first-keystroke="meta alt 7" />
  </action>
  <action id="GotoNextError">
    <keyboard-shortcut first-keystroke="f2" />
    <keyboard-shortcut first-keystroke="shift meta 2" />
  </action>
  <action id="Maven.Reimport">
    <keyboard-shortcut first-keystroke="shift meta f11" />
  </action>
  <action id="OpenModuleSettings">
    <keyboard-shortcut first-keystroke="f4" />
  </action>
  <action id="RecentChangedFiles">
    <keyboard-shortcut first-keystroke="shift meta left_parenthesis" />
  </action>
  <action id="Refresh" />
  <action id="RenameElement">
    <keyboard-shortcut first-keystroke="shift f6" />
    <keyboard-shortcut first-keystroke="meta alt 6" />
  </action>
  <action id="Replace" />
  <action id="Rerun" />
  <action id="Run">
    <keyboard-shortcut first-keystroke="meta r" />
  </action>
  <action id="RunToCursor">
    <keyboard-shortcut first-keystroke="alt f9" />
    <mouse-shortcut keystroke="Force touch" />
    <keyboard-shortcut first-keystroke="meta 9" />
  </action>
  <action id="SendEOF" />
  <action id="ShelvedChanges.Diff" />
  <action id="ShowNavBar">
    <keyboard-shortcut first-keystroke="alt home" />
  </action>
  <action id="SmartStepInto">
    <keyboard-shortcut first-keystroke="shift f7" />
    <keyboard-shortcut first-keystroke="shift meta 7" />
  </action>
  <action id="StepInto">
    <keyboard-shortcut first-keystroke="f7" />
    <keyboard-shortcut first-keystroke="meta 7" />
  </action>
  <action id="StepOver">
    <keyboard-shortcut first-keystroke="f8" />
    <keyboard-shortcut first-keystroke="meta 8" />
  </action>
  <action id="SwitchApply">
    <keyboard-shortcut first-keystroke="ctrl alt enter" />
  </action>
  <action id="SwitchDown">
    <keyboard-shortcut first-keystroke="ctrl alt down" />
  </action>
  <action id="SwitchLeft">
    <keyboard-shortcut first-keystroke="ctrl alt left" />
  </action>
  <action id="SwitchRight">
    <keyboard-shortcut first-keystroke="ctrl alt right" />
  </action>
  <action id="SwitchUp">
    <keyboard-shortcut first-keystroke="ctrl alt up" />
  </action>
  <action id="Tool_Editors_MacVim">
    <keyboard-shortcut first-keystroke="shift ctrl o" />
  </action>
  <action id="Tool_Editors_mvim">
    <keyboard-shortcut first-keystroke="shift ctrl o" />
  </action>
  <action id="Tool_External Tools_MacVim">
    <keyboard-shortcut first-keystroke="shift ctrl o" />
  </action>
  <action id="UsageView.Rerun" />
  <action id="Vcs.QuickListPopupAction" />
  <action id="Vcs.Show.Shelf">
    <keyboard-shortcut first-keystroke="ctrl meta s" />
  </action>
  <action id="Vcs.ShowTabbedFileHistory">
    <keyboard-shortcut first-keystroke="ctrl meta h" />
  </action>
  <action id="XDebugger.CopyWatch" />
  <action id="com.vladsch.idea.multimarkdown.editor.actions.styling.ToggleBoldAction" />
  <action id="editRunConfigurations">
    <keyboard-shortcut first-keystroke="ctrl meta c" />
  </action>
  <action id="org.intellij.plugins.markdown.ui.actions.styling.ToggleBoldAction" />
</keymap>